visibility,price,sku
"Catalogue,Search",215,425101
"Catalogue,Search",175,415101
"Catalogue,Search",215,665101
"Catalogue,Search",199,375101
"Catalogue,Search",450,725101
"Catalogue,Search",499,295101
"Catalogue,Search",299,995101
"Catalogue,Search",215,425100
"Catalogue,Search",450,145101
"Catalogue,Search",175,415100
"Catalogue,Search",225,665100
"Catalogue,Search",199,375100
"Catalogue,Search",475,725100
"Catalogue,Search",550,295100
"Catalogue,Search",299,995100
"Catalogue,Search",450,145100
"Catalogue,Search",349,295011
"Catalogue,Search",215,425103
"Catalogue,Search",199,375103
"Catalogue,Search",475,725103
"Catalogue,Search",199,205103
"Catalogue,Search",399,209103
"Catalogue,Search",350,295015
"Catalogue,Search",350,295015
"Catalogue,Search",215,425954
"Catalogue,Search",215,661954
"Catalogue,Search",199,375954
"Catalogue,Search",550,195954
"Catalogue,Search",399,895954
"Catalogue,Search",299,105954
"Catalogue,Search",249,425130
"Catalogue,Search",199,415130
"Catalogue,Search",225,660030
"Catalogue,Search",199,655130
"Catalogue,Search",199,375130
"Catalogue,Search",475,725130
"Catalogue,Search",349,295130
"Catalogue,Search",550,299130
"Catalogue,Search",299,890130
"Catalogue,Search",299,190030
"Catalogue,Search",599,291030
"Catalogue,Search",375,265130
"Catalogue,Search",249,199130
"Catalogue,Search",199,205130
"Catalogue,Search",499,991130
"Catalogue,Search",350,425040
"Catalogue,Search",350,425040
"Catalogue,Search",250,669040
"Catalogue,Search",250,669040
"Catalogue,Search",349,295040
"Catalogue,Search",349,295040
"Catalogue,Search",550,290540
"Catalogue,Search",550,290540
"Catalogue,Search",299,995040
"Catalogue,Search",299,995040
"Catalogue,Search",199,991540
"Catalogue,Search",199,991540
"Catalogue,Search",350,265040
"Catalogue,Search",350,265040
"Catalogue,Search",250,105040
"Catalogue,Search",250,105040
"Catalogue,Search",399,295014
"Catalogue,Search",399,295014
"Catalogue,Search",399,295014
"Catalogue,Search",399,295014
"Catalogue,Search",475,291488
"Catalogue,Search",475,291488
"Catalogue,Search",475,291488
"Catalogue,Search",475,291488
"Catalogue,Search",399,145488
"Catalogue,Search",399,145488
"Catalogue,Search",399,145488
"Catalogue,Search",399,145488
"Catalogue,Search",450,141488
"Catalogue,Search",450,141488
"Catalogue,Search",450,141488
"Catalogue,Search",450,141488
"Catalogue,Search",215,425488
"Catalogue,Search",199,655488
"Catalogue,Search",199,375488
"Catalogue,Search",209,665087
"Catalogue,Search",350,260630
"Catalogue,Search",450,268630
"Catalogue,Search",350,437672
"Catalogue,Search",199,417672
"Catalogue,Search",250,667672
"Catalogue,Search",199,377672
"Catalogue,Search",475,727672
"Catalogue,Search",550,297672
"Catalogue,Search",650,291514
"Catalogue,Search",650,291514
"Catalogue,Search",650,291514
"Catalogue,Search",650,291514
"Catalogue,Search",450,297514
"Catalogue,Search",450,297514
"Catalogue,Search",450,297514
"Catalogue,Search",450,297514
"Catalogue,Search",175,85101
"Catalogue,Search",175,85100
"Catalogue,Search",199,85103
"Catalogue,Search",275,10954
"Catalogue,Search",450,39806
"Catalogue,Search",450,39806
"Catalogue,Search",349,35130
"Catalogue,Search",209,85130
"Catalogue,Search",299,35040
"Catalogue,Search",299,35040
"Catalogue,Search",209,85040
"Catalogue,Search",209,85040
"Catalogue,Search",399,30083
"Catalogue,Search",350,94001
"Catalogue,Search",350,94000
"Catalogue,Search",249,20125
"Catalogue,Search",249,20125
"Catalogue,Search",350,19137
"Catalogue,Search",350,19138
"Catalogue,Search",199,655101
"Catalogue,Search",250,105694
"Catalogue,Search",250,105693
"Catalogue,Search",299,435019
"Catalogue,Search",350,425019
"Catalogue,Search",299,669019
"Catalogue,Search",465,725019
"Catalogue,Search",375,299019
"Catalogue,Search",575,295019
"Catalogue,Search",399,995019
"Catalogue,Search",199,49019
"Catalogue,Search",375,265019
"Catalogue,Search",750,895019
"Catalogue,Search",199,95019
"Catalogue,Search",250,75019
"Catalogue,Search",199,25019
"Catalogue,Search",199,85019
"Catalogue,Search",199,205019
"Catalogue,Search",250,105893
"Catalogue,Search",275,665103
"Catalogue,Search",330,105482
"Catalogue,Search",215,105044
"Catalogue,Search",215,105044
"Catalogue,Search",275,105015
"Catalogue,Search",275,105015
"Catalogue,Search",225,199015
"Catalogue,Search",225,199015
"Catalogue,Search",350,41152
"Catalogue,Search",350,41152
"Catalogue,Search",375,15954
"Catalogue,Search",149,15576
"Catalogue,Search",149,15576
"Catalogue,Search",299,15945
"Catalogue,Search",299,15945
"Catalogue,Search",299,201185
"Catalogue,Search",299,199930
"Catalogue,Search",299,199930
"Catalogue,Search",350,895130
"Catalogue,Search",350,895130
"Catalogue,Search",225,375040
"Catalogue,Search",225,375040
"Catalogue,Search",450,199540
"Catalogue,Search",450,199540
"Catalogue,Search",550,291685
"Catalogue,Search",550,291487
"Catalogue,Search",550,291487
"Catalogue,Search",550,291487
"Catalogue,Search",550,291487
"Catalogue,Search",215,100102
"Catalogue,Search",215,100100
"Catalogue,Search",215,100103
"Catalogue,Search",199,101046
"Catalogue,Search",199,101031
"Catalogue,Search",350,100109
"Catalogue,Search",149,104200
"Catalogue,Search",149,104201
"Catalogue,Search",149,104202
"Catalogue,Search",149,104203
"Catalogue,Search",149,104204
"Catalogue,Search",149,104205
"Catalogue,Search",149,104206
"Catalogue,Search",149,104207
"Catalogue,Search",149,104208
"Catalogue,Search",149,104209
"Catalogue,Search",250,101712
"Catalogue,Search",450,290129
"Catalogue,Search",450,290129
"Catalogue,Search",375,94002
"Catalogue,Search",375,991029
"Catalogue,Search",375,991028
"Catalogue,Search",199,21062
"Catalogue,Search",199,2503
"Catalogue,Search",199,21064
"Catalogue,Search",250,10744
"Catalogue,Search",199,1742
"Catalogue,Search",350,54033
"Catalogue,Search",349,33101
"Catalogue,Search",299,13106
"Catalogue,Search",315,93103
"Catalogue,Search",315,93102
"Catalogue,Search",299,101040
"Catalogue,Search",299,101040
"Catalogue,Search",299,101574
"Catalogue,Search",299,101574
"Catalogue,Search",375,94701
"Catalogue,Search",375,94701
"Catalogue,Search",375,94701
"Catalogue,Search",375,94701
"Catalogue,Search",350,104210
"Catalogue,Search",375,471031B
"Catalogue,Search",349,561031B
"Catalogue,Search",250,10463
"Catalogue,Search",250,10553
"Catalogue,Search",349,56191B
"Catalogue,Search",250,10613
"Catalogue,Search",250,10615
"Catalogue,Search",375,473042B
"Catalogue,Search",349,563042B
"Catalogue,Search",250,11347
"Catalogue,Search",250,11349
"Catalogue,Search",375,471039B
"Catalogue,Search",349,561039B
"Catalogue,Search",250,10617
"Catalogue,Search",250,10619
"Catalogue,Search",349,661031B
"Catalogue,Search",349,1393521
"Catalogue,Search",375,47191B 
"Catalogue,Search",349,663042B
"Catalogue,Search",349,661039B
"Catalogue,Search",375,47102B 
"Catalogue,Search",349,56102B 
"Catalogue,Search",349,1391801
"Catalogue,Search",250,10560
"Catalogue,Search",250,10472
"Catalogue,Search",99,19189
"Catalogue,Search",99,19130
"Catalogue,Search",99,19131
"Catalogue,Search",99,19132
"Catalogue,Search",299,50630
"Catalogue,Search",250,428630
"Catalogue,Search",199,418630
"Catalogue,Search",250,668630
"Catalogue,Search",465,728630
"Catalogue,Search",250,378630
